{
  "roc_auc": 0.9998147798424056,
  "pr_auc": 0.9998706329487507,
  "confusion_matrix": {
    "tn": 56810,
    "fp": 53,
    "fn": 173,
    "tp": 56690
  }
}